"Year","Pts","Attendance","Players.Used","Age","Poss","PK","PKatt","CrdY","CrdR","SoTA","Saves","Save_Pct","CS","CS_Pct","PKatt_A","Sh","SoT","SoT_Pct","Sh_Per_90","SoT_Per_90","G_Per_Sht","G_Per_SoT","Dist","PK_A","Squad.Year","PKsv","PKm","Squad"
2013,79,60013,27,26.8,NA,3,3,0,0,147,106,72.1,17,44.7,3,NA,254,NA,NA,6.68,NA,0.26,NA,3,"Arsenal 2013",NA,NA,"Arsenal"
2017,63,59323,30,26.8,61.5,4,5,NA,NA,142,94,67.6,13,34.2,6,590,227,38.5,15.53,5.97,0.12,0.3,17.4,4,"Arsenal 2017",1,0,"Arsenal"
2018,70,59899,28,26.7,58,4,5,73,2,174,130,74.7,8,21.1,7,465,159,34.2,12.24,4.18,0.14,0.41,16.2,4,"Arsenal 2018",0,0,"Arsenal"
2019,56,47589,29,25.8,54,3,3,88,5,189,143,78.3,10,26.3,8,401,144,35.9,10.55,3.79,0.13,0.37,15.9,3,"Arsenal 2019",1,0,"Arsenal"
2020,61,632,29,25.9,53.8,6,6,49,5,128,94,71.1,12,31.6,3,455,141,31,11.97,3.71,0.1,0.33,16.9,6,"Arsenal 2020",1,0,"Arsenal"
2021,69,59665,27,24.4,53.2,5,8,67,4,141,93,69.5,13,34.2,6,580,185,31.9,15.26,4.87,0.09,0.3,17.3,5,"Arsenal 2021",0,1,"Arsenal"
2013,38,36081,26,24.6,NA,2,4,0,0,174,113,64.9,9,23.7,4,NA,136,NA,NA,3.58,NA,0.26,NA,2,"Aston Villa 2013",NA,NA,"Aston Villa"
2019,35,28505,28,25.7,43.9,1,3,70,1,175,113,64.6,7,18.4,6,453,146,32.2,11.92,3.84,0.09,0.27,16.9,1,"Aston Villa 2019",1,0,"Aston Villa"
2020,55,526,24,25.2,48.1,5,6,71,4,177,135,76.8,15,39.5,6,518,179,34.6,13.63,4.71,0.09,0.26,16.5,5,"Aston Villa 2020",1,0,"Aston Villa"
2021,45,41681,31,26.1,46.5,3,3,81,2,145,96,65.5,11,28.9,6,461,159,34.5,12.13,4.18,0.1,0.3,17.1,3,"Aston Villa 2021",1,1,"Aston Villa"
2017,44,10641,22,26.9,47.8,3,3,NA,NA,171,113,65.5,6,15.8,4,473,153,32.3,12.45,4.03,0.09,0.27,17.5,3,"Bournemouth 2017",1,1,"Bournemouth"
2018,45,10532,28,26.6,46.8,7,9,60,1,169,103,61.5,10,26.3,5,440,155,35.2,11.58,4.08,0.11,0.31,16.4,7,"Bournemouth 2018",0,0,"Bournemouth"
2019,34,7745,27,25.2,43.8,4,4,78,3,182,122,67,5,13.2,6,384,116,30.2,10.11,3.05,0.09,0.29,16.4,4,"Bournemouth 2019",1,0,"Bournemouth"
2021,46,16918,29,25.4,44.5,6,6,65,3,173,123,70.5,9,23.7,5,441,139,31.5,11.61,3.66,0.09,0.29,15.6,6,"Brentford 2021",0,0,"Brentford"
2017,40,30403,24,27.5,43.7,5,7,NA,NA,171,121,69,10,26.3,3,381,113,29.7,10.03,2.97,0.07,0.25,17.9,5,"Brighton 2017",2,0,"Brighton"
2018,36,30426,21,27.4,42.6,5,6,61,4,155,104,67.7,7,18.4,10,363,100,27.5,9.55,2.63,0.08,0.3,17,5,"Brighton 2018",0,0,"Brighton"
2019,41,22369,25,26.4,52.2,1,2,59,2,164,114,68.3,9,23.7,2,456,137,30,12,3.61,0.07,0.25,17.1,1,"Brighton 2019",0,0,"Brighton"
2020,41,523,27,25.8,51.3,6,9,49,6,117,79,65.8,12,31.6,7,476,129,27.1,12.53,3.39,0.07,0.26,16.6,6,"Brighton 2020",0,1,"Brighton"
2021,51,30966,26,26.2,54.7,4,7,72,2,145,103,71.7,11,28.9,4,483,140,29,12.71,3.68,0.07,0.26,16.8,4,"Brighton 2021",0,1,"Brighton"
2017,54,20688,24,27.5,43.9,0,0,NA,NA,160,123,77.5,12,31.6,5,388,126,32.5,10.21,3.32,0.09,0.28,15.9,0,"Burnley 2017",1,1,"Burnley"
2018,40,20534,23,28,41.2,2,2,75,1,196,130,66.3,8,21.1,3,358,114,31.8,9.42,3,0.11,0.36,15.1,2,"Burnley 2018",1,0,"Burnley"
2019,54,15995,22,28,41.4,3,3,67,0,159,112,71.1,15,39.5,5,384,124,32.3,10.11,3.26,0.1,0.31,15.7,3,"Burnley 2019",1,0,"Burnley"
2020,39,178,25,28.3,41.7,3,3,48,0,179,127,70.9,11,28.9,3,383,125,32.6,10.08,3.29,0.08,0.23,16.6,3,"Burnley 2020",0,0,"Burnley"
2021,35,19278,23,28.5,39.8,1,2,68,2,172,123,72.1,9,23.7,5,406,117,28.8,10.68,3.08,0.08,0.26,16.4,1,"Burnley 2021",0,0,"Burnley"
2013,30,27430,32,25.4,NA,1,1,0,0,220,146,66.4,7,18.4,1,NA,125,NA,NA,3.29,NA,0.24,NA,1,"Cardiff City 2013",NA,NA,"Cardiff City"
2018,34,31408,25,27.7,35.6,3,4,66,1,199,132,67.3,10,26.3,7,416,114,27.4,10.95,3,0.07,0.26,17,3,"Cardiff City 2018",3,0,"Cardiff City"
2013,82,41482,29,27.7,NA,5,7,0,0,121,94,77.7,18,47.4,7,NA,281,NA,NA,7.39,NA,0.23,NA,5,"Chelsea 2013",NA,NA,"Chelsea"
2017,70,41282,26,26.7,55.4,3,3,NA,NA,116,81,69,16,42.1,2,602,209,34.7,15.84,5.5,0.09,0.27,17.4,3,"Chelsea 2017",0,0,"Chelsea"
2018,72,40437,24,27.3,62.8,5,5,49,0,122,82,68.9,16,42.1,2,601,190,31.6,15.82,5,0.09,0.29,17.3,5,"Chelsea 2018",1,0,"Chelsea"
2019,66,32023,27,25.5,60.7,7,7,60,0,115,65,54.8,9,23.7,2,619,210,33.9,16.29,5.53,0.1,0.3,16.2,7,"Chelsea 2019",0,0,"Chelsea"
2020,67,526,27,26,61.4,8,10,51,3,103,70,68,18,47.4,4,553,194,35.1,14.55,5.11,0.09,0.25,16.3,8,"Chelsea 2020",1,0,"Chelsea"
2021,74,36443,26,27.4,62.3,8,9,63,1,108,81,75,16,42.1,6,585,199,34,15.39,5.24,0.11,0.34,16.9,8,"Chelsea 2021",0,0,"Chelsea"
2013,45,24375,31,28.1,NA,5,6,0,0,169,121,71.6,12,31.6,6,NA,142,NA,NA,3.74,NA,0.19,NA,5,"Crystal Palace 2013",NA,NA,"Crystal Palace"
2017,44,25063,28,27.1,45.3,8,10,NA,NA,167,116,68.3,9,23.7,2,466,133,28.5,12.26,3.5,0.08,0.27,17,8,"Crystal Palace 2017",0,0,"Crystal Palace"
2018,49,25455,26,27.4,45,10,11,58,2,159,108,69.2,12,31.6,5,488,133,27.3,12.84,3.5,0.08,0.29,17.2,10,"Crystal Palace 2018",1,0,"Crystal Palace"
2019,43,19784,25,29.4,44.5,3,3,62,2,169,120,70.4,10,26.3,1,372,116,31.2,9.79,3.05,0.07,0.22,16.5,3,"Crystal Palace 2019",0,1,"Crystal Palace"
2020,44,447,24,29.1,40.1,3,4,56,2,173,108,63.6,8,21.1,4,346,129,37.3,9.11,3.39,0.1,0.28,16.8,3,"Crystal Palace 2020",1,0,"Crystal Palace"
2021,48,24588,24,27.1,50.9,6,8,69,1,141,100,69.5,12,31.6,4,404,141,34.9,10.63,3.71,0.11,0.31,15.4,6,"Crystal Palace 2021",1,0,"Crystal Palace"
2013,72,37732,28,27.6,NA,3,3,0,0,148,109,73.6,15,39.5,3,NA,235,NA,NA,6.18,NA,0.23,NA,3,"Everton 2013",NA,NA,"Everton"
2017,49,38797,30,26.7,45.9,5,8,NA,NA,175,119,68.6,10,26.3,5,359,108,30.1,9.45,2.84,0.1,0.34,16.9,5,"Everton 2017",1,1,"Everton"
2018,54,39043,23,25.7,51.5,2,5,56,4,131,87,66.4,14,36.8,5,492,159,32.3,12.95,4.18,0.1,0.32,16.1,2,"Everton 2018",3,0,"Everton"
2019,49,28848,24,25.5,49.2,1,1,76,3,145,95,63.4,9,23.7,4,465,155,33.3,12.24,4.08,0.09,0.26,15.7,1,"Everton 2019",0,1,"Everton"
2020,59,368,29,26.3,46.5,4,5,59,2,158,111,71.5,12,31.6,4,395,144,36.5,10.39,3.79,0.1,0.28,16.4,4,"Everton 2020",0,1,"Everton"
2021,39,38446,33,26.7,39.7,6,7,82,6,184,125,65.2,8,21.1,2,431,127,29.5,11.34,3.34,0.08,0.28,17.1,6,"Everton 2021",0,0,"Everton"
2013,32,24977,39,29,NA,2,3,0,0,241,156,64.7,5,13.2,3,NA,149,NA,NA,3.92,NA,0.24,NA,2,"Fulham 2013",NA,NA,"Fulham"
2018,26,24371,28,26,48.6,2,3,70,2,219,141,65.3,5,13.2,7,444,135,30.4,11.68,3.55,0.07,0.23,18.3,2,"Fulham 2018",1,1,"Fulham"
2020,28,211,28,25.2,49.9,3,6,67,3,164,118,72,9,23.7,7,440,123,28,11.58,3.24,0.05,0.19,17.4,3,"Fulham 2020",0,0,"Fulham"
2017,37,24040,25,26.4,45.7,2,2,NA,NA,153,97,65.4,10,26.3,6,362,105,29,9.53,2.76,0.06,0.22,18.1,2,"Huddersfield 2017",2,0,"Huddersfield"
2018,16,23203,31,26.2,47,1,1,56,4,179,108,61.5,5,13.2,8,399,115,28.8,10.5,3.03,0.05,0.17,18.1,1,"Huddersfield 2018",1,0,"Huddersfield"
2013,37,24117,27,27.5,NA,2,3,0,0,164,111,67.7,10,26.3,3,NA,129,NA,NA,3.39,NA,0.26,NA,2,"Hull City 2013",NA,NA,"Hull City"
2020,59,421,23,26.1,57.6,4,4,61,1,189,144,75.7,12,31.6,9,524,196,37.4,13.79,5.16,0.11,0.29,16.2,4,"Leeds United 2020",1,0,"Leeds United"
2021,38,36308,29,26.1,52.5,5,5,101,3,219,143,66.2,5,13.2,5,485,142,29.3,12.76,3.74,0.08,0.26,17.7,5,"Leeds United 2021",0,0,"Leeds United"
2017,47,31583,27,27.2,47.9,5,6,NA,NA,161,104,64,9,23.7,4,418,137,32.8,11,3.61,0.11,0.35,17,5,"Leicester City 2017",2,0,"Leicester City"
2018,52,31851,25,25.9,51.1,5,7,60,5,134,91,67.9,10,26.3,5,507,173,34.1,13.34,4.55,0.08,0.25,17.7,5,"Leicester City 2018",0,0,"Leicester City"
2019,62,25312,24,26.1,57.6,5,7,43,3,126,95,73.8,13,34.2,10,533,181,34,14.03,4.76,0.11,0.33,16.7,5,"Leicester City 2019",2,0,"Leicester City"
2020,66,421,27,26.5,54.6,10,12,61,0,134,87,65.7,11,28.9,4,472,172,36.4,12.42,4.53,0.11,0.31,18,10,"Leicester City 2020",0,0,"Leicester City"
2021,52,32493,28,26.5,52.1,2,2,55,1,181,129,71.3,7,18.4,10,436,163,37.4,11.47,4.29,0.14,0.37,17.2,2,"Leicester City 2021",2,1,"Leicester City"
2013,84,44671,25,25.7,NA,10,12,0,0,152,102,67.1,10,26.3,12,NA,300,NA,NA,7.89,NA,0.29,NA,10,"Liverpool 2013",NA,NA,"Liverpool"
2017,75,53049,27,25.6,60.5,2,3,NA,NA,96,60,64.6,17,44.7,6,642,228,35.5,16.89,6,0.12,0.35,17.1,2,"Liverpool 2017",2,0,"Liverpool"
2018,97,52983,23,26.1,61.7,7,7,39,2,98,76,77.6,21,55.3,1,574,216,37.6,15.11,5.68,0.14,0.37,16.3,7,"Liverpool 2018",0,1,"Liverpool"
2019,99,41955,24,26.6,63.4,5,5,38,1,107,75,70.1,15,39.5,1,585,222,37.9,15.39,5.84,0.13,0.35,16.1,5,"Liverpool 2019",0,0,"Liverpool"
2020,69,837,28,26.8,62.4,6,6,40,0,137,98,72.3,12,31.6,8,600,201,33.5,15.79,5.29,0.1,0.29,16.2,6,"Liverpool 2020",1,3,"Liverpool"
2021,92,53352,27,27.7,63.3,7,8,50,1,105,78,75.2,21,55.3,0,722,237,32.8,19,6.24,0.12,0.37,15.9,7,"Liverpool 2021",0,0,"Liverpool"
2013,86,47075,23,27.7,NA,6,7,0,0,126,89,70.6,16,42.1,7,NA,239,NA,NA,6.29,NA,0.38,NA,6,"Manchester City 2013",NA,NA,"Manchester City"
2017,100,54070,25,26.4,71.1,6,8,NA,NA,82,56,67.1,18,47.4,3,661,255,38.6,17.39,6.71,0.15,0.38,17.4,6,"Manchester City 2017",2,1,"Manchester City"
2018,98,54130,21,26.7,67.8,3,4,44,1,78,59,75.6,20,52.6,4,678,253,37.3,17.84,6.66,0.13,0.35,16.4,3,"Manchester City 2018",0,0,"Manchester City"
2019,81,37097,24,26.9,66.9,6,11,64,4,107,73,70.1,17,44.7,3,730,246,33.7,19.21,6.47,0.13,0.38,15.8,6,"Manchester City 2019",0,0,"Manchester City"
2020,86,526,24,26.1,63.9,5,9,46,2,89,65,73,19,50,10,590,213,36.1,15.53,5.61,0.13,0.36,16.6,5,"Manchester City 2020",2,0,"Manchester City"
2021,93,52774,26,27,68.5,7,9,42,1,85,58,70.6,21,55.3,1,704,239,33.9,18.53,6.29,0.13,0.37,15.7,7,"Manchester City 2021",0,0,"Manchester City"
2013,64,75207,30,26.7,NA,5,5,0,0,143,100,69.9,13,34.2,5,NA,234,NA,NA,6.16,NA,0.25,NA,5,"Manchester Utd 2013",NA,NA,"Manchester Utd"
2017,81,74976,27,26.7,54.8,1,3,NA,NA,143,117,81.1,19,50,1,513,176,34.3,13.5,4.63,0.13,0.38,17.6,1,"Manchester Utd 2017",0,0,"Manchester Utd"
2018,66,74498,28,26.3,54.5,9,12,75,4,170,125,71.8,7,18.4,6,516,210,40.7,13.58,5.53,0.11,0.27,18.1,9,"Manchester Utd 2018",0,0,"Manchester Utd"
2019,66,57415,29,24.8,56.2,10,14,73,0,125,92,73.6,13,34.2,3,528,200,37.9,13.89,5.26,0.1,0.28,18.5,10,"Manchester Utd 2019",0,0,"Manchester Utd"
2020,74,526,29,25.6,55.8,10,11,64,1,135,96,70.4,13,34.2,4,517,197,38.1,13.61,5.18,0.12,0.3,17.3,10,"Manchester Utd 2020",0,0,"Manchester Utd"
2021,58,73150,29,27.2,52.9,3,5,77,2,177,124,69.5,8,21.1,6,505,179,35.4,13.29,4.71,0.1,0.3,17.1,3,"Manchester Utd 2021",3,0,"Manchester Utd"
2013,49,50395,26,26.4,NA,2,3,0,0,170,111,65.3,10,26.3,3,NA,185,NA,NA,4.87,NA,0.21,NA,2,"Newcastle Utd 2013",NA,NA,"Newcastle Utd"
2017,44,51992,27,25.6,41.7,0,1,NA,NA,145,104,70.3,9,23.7,6,451,152,33.7,11.87,4,0.08,0.25,18.4,0,"Newcastle Utd 2017",2,0,"Newcastle Utd"
2018,45,51121,24,26.9,40.4,1,3,57,2,134,93,68.7,11,28.9,6,440,137,31.1,11.58,3.61,0.09,0.29,18.1,1,"Newcastle Utd 2018",0,0,"Newcastle Utd"
2019,44,35551,28,26.5,38.6,0,1,66,3,190,134,70.5,11,28.9,2,397,127,32,10.45,3.34,0.1,0.3,18.5,0,"Newcastle Utd 2019",0,0,"Newcastle Utd"
2020,45,526,27,27.1,38.2,6,7,65,3,179,123,67.6,7,18.4,5,387,130,33.6,10.18,3.42,0.1,0.29,17.5,6,"Newcastle Utd 2020",1,0,"Newcastle Utd"
2021,49,51487,29,27.5,39.9,3,3,81,2,162,105,64.8,8,21.1,6,443,140,31.6,11.66,3.68,0.09,0.27,17.2,3,"Newcastle Utd 2021",1,0,"Newcastle Utd"
2013,33,26805,25,26.3,NA,1,2,0,0,189,127,67.2,12,31.6,2,NA,145,NA,NA,3.82,NA,0.19,NA,1,"Norwich City 2013",NA,NA,"Norwich City"
2019,21,19913,30,26,49.3,2,2,68,3,201,129,64.7,5,13.2,7,409,124,30.3,10.76,3.26,0.06,0.19,17.4,2,"Norwich City 2019",3,0,"Norwich City"
2021,22,26836,28,26.2,42.5,3,3,57,1,212,135,64.6,6,15.8,13,374,104,27.8,9.84,2.74,0.05,0.17,18.1,3,"Norwich City 2021",2,2,"Norwich City"
2019,54,24370,26,26.9,43.1,1,1,63,2,141,103,73,13,34.2,3,353,109,30.9,9.29,2.87,0.1,0.32,14.7,1,"Sheffield Utd 2019",1,1,"Sheffield Utd"
2020,23,263,27,26.7,41.5,3,4,73,3,205,145,70.7,5,13.2,4,319,92,28.8,8.39,2.42,0.05,0.17,16.8,3,"Sheffield Utd 2020",0,1,"Sheffield Utd"
2013,56,30212,24,25.1,NA,3,3,0,0,132,86,65.2,15,39.5,3,NA,181,NA,NA,4.76,NA,0.27,NA,3,"Southampton 2013",NA,NA,"Southampton"
2017,36,30794,26,26.2,51.5,3,3,NA,NA,165,108,66.7,8,21.1,2,448,138,30.8,11.79,3.63,0.07,0.24,17.7,3,"Southampton 2017",1,0,"Southampton"
2018,39,30139,30,25.4,43.9,4,5,73,3,172,112,63.4,7,18.4,3,486,156,32.1,12.79,4.11,0.08,0.26,18.1,4,"Southampton 2018",1,0,"Southampton"
2019,52,23428,25,25.9,49.3,2,5,55,4,163,107,65,9,23.7,4,497,169,34,13.08,4.45,0.1,0.29,17.4,2,"Southampton 2019",1,0,"Southampton"
2020,43,526,29,26.6,52.2,5,6,52,3,169,109,64.5,9,23.7,9,417,157,37.6,10.97,4.13,0.1,0.27,17.6,5,"Southampton 2020",1,0,"Southampton"
2021,40,30134,25,25.7,47.9,4,4,65,2,180,116,63.9,8,21.1,2,483,159,32.9,12.71,4.18,0.08,0.23,17,4,"Southampton 2021",0,0,"Southampton"
2013,50,26137,26,27.3,NA,4,5,0,0,173,121,69.9,9,23.7,5,NA,142,NA,NA,3.74,NA,0.28,NA,4,"Stoke City 2013",NA,NA,"Stoke City"
2017,33,29280,30,27.5,41.3,0,3,NA,NA,212,151,70.3,6,15.8,5,390,122,31.3,10.26,3.21,0.09,0.28,17.5,0,"Stoke City 2017",0,0,"Stoke City"
2013,38,41090,31,26.5,NA,6,6,0,0,217,157,72.4,11,28.9,6,NA,135,NA,NA,3.55,NA,0.26,NA,6,"Sunderland 2013",NA,NA,"Sunderland"
2013,42,20407,27,26.5,NA,4,4,0,0,155,101,65.2,8,21.1,4,NA,163,NA,NA,4.29,NA,0.26,NA,4,"Swansea City 2013",NA,NA,"Swansea City"
2017,33,20623,26,27.2,45.2,1,1,NA,NA,182,129,70.9,9,23.7,7,337,94,27.9,8.87,2.47,0.08,0.28,17.5,1,"Swansea City 2017",3,1,"Swansea City"
2013,69,35808,28,25.2,NA,5,6,0,0,152,101,66.4,14,36.8,6,NA,228,NA,NA,6,NA,0.2,NA,5,"Tottenham 2013",NA,NA,"Tottenham"
2017,77,67953,25,25.8,61.9,2,3,NA,NA,123,89,72.4,16,42.1,3,625,212,33.9,16.45,5.58,0.11,0.32,17.4,2,"Tottenham 2017",1,0,"Tottenham"
2018,71,54216,28,26.8,58.9,4,4,57,3,148,112,75.7,13,34.2,5,537,187,34.8,14.13,4.92,0.12,0.33,17.2,4,"Tottenham 2018",2,0,"Tottenham"
2019,59,43757,29,26.7,52.2,3,4,84,3,172,130,75.6,8,21.1,7,439,155,35.3,11.55,4.08,0.12,0.34,17.8,3,"Tottenham 2019",2,0,"Tottenham"
2020,62,632,24,27.2,51.7,5,5,57,2,144,111,75.7,12,31.6,10,442,166,37.6,11.63,4.37,0.14,0.37,17.2,5,"Tottenham 2020",0,0,"Tottenham"
2021,71,56523,25,26.5,52,5,5,69,1,133,95,71.4,16,42.1,2,491,186,37.9,12.92,4.89,0.12,0.31,16.3,5,"Tottenham 2021",0,0,"Tottenham"
2017,41,20231,29,27.9,49.6,3,6,NA,NA,151,93,61.6,9,23.7,6,437,128,29.3,11.5,3.37,0.09,0.3,17.1,3,"Watford 2017",0,0,"Watford"
2018,50,20016,25,28.5,47.1,1,1,79,4,173,117,68.2,7,18.4,5,434,147,33.9,11.42,3.87,0.12,0.34,16.6,1,"Watford 2018",1,0,"Watford"
2019,34,15353,26,28.9,42.5,7,8,80,3,166,109,66.3,9,23.7,9,410,114,27.8,10.79,3,0.07,0.25,16.5,7,"Watford 2019",1,0,"Watford"
2021,23,20614,30,28.4,40.3,1,2,63,3,180,108,60.6,4,10.5,7,398,126,31.7,10.47,3.32,0.08,0.25,17.6,1,"Watford 2021",1,0,"Watford"
2013,36,25194,28,28.4,NA,2,2,0,0,174,115,66.1,7,18.4,2,NA,145,NA,NA,3.82,NA,0.27,NA,2,"West Brom 2013",NA,NA,"West Brom"
2017,31,24520,24,29.1,40.6,1,1,NA,NA,155,100,64.5,10,26.3,1,384,106,27.6,10.11,2.79,0.08,0.28,17,1,"West Brom 2017",0,0,"West Brom"
2020,26,283,30,26.4,37.6,4,4,51,4,235,166,70.6,6,15.8,12,336,107,31.8,8.84,2.82,0.09,0.27,17.6,4,"West Brom 2020",2,3,"West Brom"
2013,40,34197,29,28.5,NA,2,2,0,0,193,142,73.6,14,36.8,2,NA,123,NA,NA,3.24,NA,0.28,NA,2,"West Ham 2013",NA,NA,"West Ham"
2017,42,56885,27,28,45,2,4,NA,NA,180,113,65,10,26.3,6,369,128,34.7,9.71,3.37,0.12,0.36,17.4,2,"West Ham 2017",1,0,"West Ham"
2018,52,58336,26,27.6,48.7,5,5,59,1,192,138,73.4,7,18.4,5,438,148,33.8,11.53,3.89,0.11,0.31,16.6,5,"West Ham 2018",1,0,"West Ham"
2019,39,44155,29,27.4,44,4,4,64,1,178,124,68,7,18.4,6,414,157,37.9,10.89,4.13,0.11,0.29,15.6,4,"West Ham 2019",1,0,"West Ham"
2020,65,632,24,27.8,42.9,2,4,50,3,143,102,69.2,11,28.9,6,462,158,34.2,12.16,4.16,0.13,0.37,15.4,2,"West Ham 2020",2,1,"West Ham"
2021,56,58370,25,28.2,47.8,4,6,52,3,159,107,69.2,8,21.1,6,446,143,32.1,11.74,3.76,0.12,0.38,16,4,"West Ham 2021",3,1,"West Ham"
2018,57,31030,21,26.1,46.9,4,4,73,1,139,98,69.1,9,23.7,4,471,140,29.7,12.39,3.68,0.09,0.3,17.2,4,"Wolves 2018",0,1,"Wolves"
2019,59,24758,21,26.6,48.3,4,4,61,2,120,80,67.5,13,34.2,3,453,142,31.3,11.92,3.74,0.1,0.32,16.9,4,"Wolves 2019",2,0,"Wolves"
2020,45,237,27,26.3,49.3,4,4,55,1,144,99,68.8,10,26.3,8,462,149,32.3,12.16,3.92,0.06,0.2,17.7,4,"Wolves 2020",1,0,"Wolves"
2021,51,30841,26,27.3,49.6,1,1,62,2,157,124,78.3,11,28.9,10,403,134,33.3,10.61,3.53,0.08,0.25,17.9,1,"Wolves 2021",0,1,"Wolves"
2000,80,67489,28,26.9,NA,2,3,44,3,140,109,77.9,17,44.7,NA,NA,251,NA,NA,6.61,NA,0.3,NA,2,"Manchester Utd 2000",NA,NA,"NA"
2000,70,37974,26,28.3,NA,1,2,48,3,133,95,71.4,17,44.7,NA,NA,267,NA,NA,7.03,NA,0.23,NA,1,"Arsenal 2000",NA,NA,"NA"
2000,69,43698,24,25.4,NA,3,4,53,4,165,126,76.4,14,36.8,NA,NA,228,NA,NA,6,NA,0.29,NA,3,"Liverpool 2000",NA,NA,"NA"
2000,68,38974,24,24.6,NA,3,4,72,3,162,119,73.5,11,28.9,NA,NA,229,NA,NA,6.03,NA,0.26,NA,3,"Leeds United 2000",NA,NA,"NA"
2000,66,22532,23,26.4,NA,3,3,32,2,157,115,73.2,13,34.2,NA,NA,205,NA,NA,5.39,NA,0.26,NA,3,"Ipswich Town 2000",NA,NA,"NA"
2000,61,34700,26,28.1,NA,4,4,75,2,150,105,70,10,26.3,NA,NA,220,NA,NA,5.79,NA,0.29,NA,4,"Chelsea 2000",NA,NA,"NA"
2000,57,46790,27,26.4,NA,2,4,78,5,176,135,76.7,13,34.2,NA,NA,195,NA,NA,5.13,NA,0.23,NA,2,"Sunderland 2000",NA,NA,"NA"
2000,54,31522,22,28,NA,1,1,64,3,166,123,74.1,9,23.7,NA,NA,166,NA,NA,4.37,NA,0.27,NA,1,"Aston Villa 2000",NA,NA,"NA"
2000,52,20022,27,26.8,NA,3,3,47,2,195,137,70.3,14,36.8,NA,NA,216,NA,NA,5.68,NA,0.2,NA,3,"Charlton Ath 2000",NA,NA,"NA"
2000,52,15115,24,27.2,NA,0,0,49,1,182,134,73.6,14,36.8,NA,NA,173,NA,NA,4.55,NA,0.23,NA,0,"Southampton 2000",NA,NA,"NA"
2000,51,51309,28,25.8,NA,5,7,48,5,179,129,72.1,7,18.4,NA,NA,183,NA,NA,4.82,NA,0.2,NA,5,"Newcastle Utd 2000",NA,NA,"NA"
2000,49,35194,29,26.3,NA,3,4,47,3,208,155,74.5,11,28.9,NA,NA,185,NA,NA,4.87,NA,0.23,NA,3,"Tottenham 2000",NA,NA,"NA"
2000,48,20452,29,27.3,NA,3,3,57,2,202,151,74.8,11,28.9,NA,NA,179,NA,NA,4.71,NA,0.2,NA,3,"Leicester City 2000",NA,NA,"NA"
2000,42,30747,27,29.4,NA,3,3,73,6,180,139,77.2,9,23.7,NA,NA,175,NA,NA,4.61,NA,0.23,NA,3,"Middlesbrough 2000",NA,NA,"NA"
2000,42,25697,34,27,NA,4,4,70,2,180,132,73.3,13,34.2,NA,NA,217,NA,NA,5.71,NA,0.19,NA,4,"West Ham 2000",NA,NA,"NA"
2000,42,34130,31,27,NA,5,7,78,4,172,113,65.7,8,21.1,NA,NA,189,NA,NA,4.97,NA,0.21,NA,5,"Everton 2000",NA,NA,"NA"
2000,42,28550,31,25.2,NA,2,3,79,3,219,158,72.1,9,23.7,NA,NA,145,NA,NA,3.82,NA,0.23,NA,2,"Derby County 2000",NA,NA,"NA"
2000,34,34058,30,26.1,NA,2,2,68,3,204,139,68.1,7,18.4,NA,NA,165,NA,NA,4.34,NA,0.22,NA,2,"Manchester City 2000",NA,NA,"NA"
2000,34,20582,28,25.7,NA,3,3,76,2,220,157,71.4,6,15.8,NA,NA,160,NA,NA,4.21,NA,0.19,NA,3,"Coventry City 2000",NA,NA,"NA"
2000,26,18510,27,30.4,NA,3,5,58,1,275,202,73.5,6,15.8,NA,NA,123,NA,NA,3.24,NA,0.19,NA,3,"Bradford City 2000",NA,NA,"NA"
2001,87,38055,25,27.3,NA,6,7,77,6,178,142,79.8,14,36.8,NA,NA,292,NA,NA,7.68,NA,0.25,NA,6,"Arsenal 2001",NA,NA,"NA"
2001,80,43389,27,25.5,NA,1,3,45,2,156,126,80.8,18,47.4,NA,NA,262,NA,NA,6.89,NA,0.24,NA,1,"Liverpool 2001",NA,NA,"NA"
2001,77,67558,28,27.5,NA,5,5,53,1,168,124,73.8,13,34.2,NA,NA,289,NA,NA,7.61,NA,0.26,NA,5,"Manchester Utd 2001",NA,NA,"NA"
2001,71,51373,22,25.5,NA,5,7,48,2,225,173,76.9,9,23.7,NA,NA,265,NA,NA,6.97,NA,0.25,NA,5,"Newcastle Utd 2001",NA,NA,"NA"
2001,66,39752,21,25.9,NA,1,2,70,5,195,158,81,18,47.4,NA,NA,267,NA,NA,7.03,NA,0.2,NA,1,"Leeds United 2001",NA,NA,"NA"
2001,64,39030,25,26.8,NA,3,3,63,2,192,154,80.2,15,39.5,NA,NA,237,NA,NA,6.24,NA,0.26,NA,3,"Chelsea 2001",NA,NA,"NA"
2001,53,31570,28,27.4,NA,4,5,67,3,215,158,73.5,13,34.2,NA,NA,210,NA,NA,5.53,NA,0.21,NA,4,"West Ham 2001",NA,NA,"NA"
2001,50,35012,22,27.2,NA,2,2,41,2,193,146,75.6,9,23.7,NA,NA,202,NA,NA,5.32,NA,0.21,NA,2,"Aston Villa 2001",NA,NA,"NA"
2001,50,35001,24,28.9,NA,3,3,59,4,199,146,73.4,8,21.1,NA,NA,212,NA,NA,5.58,NA,0.21,NA,3,"Tottenham 2001",NA,NA,"NA"
2001,46,25973,25,27.2,NA,1,1,57,4,250,199,79.6,8,21.1,NA,NA,253,NA,NA,6.66,NA,0.21,NA,1,"Blackburn 2001",NA,NA,"NA"
2001,45,30633,29,27.5,NA,4,4,33,3,204,150,73.5,9,23.7,NA,NA,168,NA,NA,4.42,NA,0.23,NA,4,"Southampton 2001",NA,NA,"NA"
2001,45,28459,34,28.1,NA,2,3,54,7,249,202,81.1,12,31.6,NA,NA,142,NA,NA,3.74,NA,0.22,NA,2,"Middlesbrough 2001",NA,NA,"NA"
2001,44,19389,24,27.7,NA,1,3,53,1,207,163,78.7,15,39.5,NA,NA,180,NA,NA,4.74,NA,0.19,NA,1,"Fulham 2001",NA,NA,"NA"
2001,44,24165,25,26.6,NA,0,1,63,3,223,174,78,12,31.6,NA,NA,212,NA,NA,5.58,NA,0.17,NA,0,"Charlton Ath 2001",NA,NA,"NA"
2001,43,33582,28,28,NA,3,3,58,4,241,184,76.3,11,28.9,NA,NA,213,NA,NA,5.61,NA,0.19,NA,3,"Everton 2001",NA,NA,"NA"
2001,40,25098,30,28.5,NA,0,1,57,6,248,186,75,7,18.4,NA,NA,205,NA,NA,5.39,NA,0.2,NA,0,"Bolton 2001",NA,NA,"NA"
2001,40,46744,25,26.6,NA,1,3,66,1,229,178,77.7,11,28.9,NA,NA,190,NA,NA,5,NA,0.15,NA,1,"Sunderland 2001",NA,NA,"NA"
2001,36,24426,26,27.2,NA,1,3,42,1,224,160,71.4,8,21.1,NA,NA,231,NA,NA,6.08,NA,0.17,NA,1,"Ipswich Town 2001",NA,NA,"NA"
2001,30,29785,32,26.1,NA,2,5,71,2,248,185,74.6,7,18.4,NA,NA,163,NA,NA,4.29,NA,0.19,NA,2,"Derby County 2001",NA,NA,"NA"
2001,28,19835,33,27.3,NA,2,4,74,3,242,178,73.6,7,18.4,NA,NA,167,NA,NA,4.39,NA,0.16,NA,2,"Leicester City 2001",NA,NA,"NA"
2002,83,67602,26,27,NA,9,9,39,1,122,88,72.1,13,34.2,9,NA,235,NA,NA,6.18,NA,0.27,NA,9,"Manchester Utd 2002",NA,NA,"NA"
2002,78,38042,28,27.8,NA,5,6,47,2,147,105,71.4,10,26.3,6,NA,259,NA,NA,6.82,NA,0.31,NA,5,"Arsenal 2002",NA,NA,"NA"
2002,69,51923,25,24.9,NA,3,4,40,2,179,131,73.2,14,36.8,4,NA,221,NA,NA,5.82,NA,0.27,NA,3,"Newcastle Utd 2002",NA,NA,"NA"
2002,67,39784,23,27.8,NA,3,3,54,1,156,118,75.6,13,34.2,3,NA,222,NA,NA,5.84,NA,0.29,NA,3,"Chelsea 2002",NA,NA,"NA"
2002,64,43243,23,24.9,NA,4,6,35,1,146,105,71.9,14,36.8,6,NA,209,NA,NA,5.5,NA,0.27,NA,4,"Liverpool 2002",NA,NA,"NA"
2002,60,26226,28,27.7,NA,5,6,55,4,207,164,79.2,15,39.5,6,NA,174,NA,NA,4.58,NA,0.26,NA,5,"Blackburn 2002",NA,NA,"NA"
2002,59,38491,28,27.4,NA,4,4,39,5,173,124,71.7,11,28.9,4,NA,182,NA,NA,4.79,NA,0.24,NA,4,"Everton 2002",NA,NA,"NA"
2002,52,30680,25,27.2,NA,6,6,33,3,197,151,76.6,13,34.2,6,NA,191,NA,NA,5.03,NA,0.19,NA,6,"Southampton 2002",NA,NA,"NA"
2002,51,34565,26,27.8,NA,2,2,40,5,184,130,70.7,10,26.3,2,NA,168,NA,NA,4.42,NA,0.27,NA,2,"Manchester City 2002",NA,NA,"NA"
2002,50,35897,24,28,NA,3,3,50,4,210,148,70.5,5,13.2,3,NA,166,NA,NA,4.37,NA,0.28,NA,3,"Tottenham 2002",NA,NA,"NA"
2002,49,31105,29,26.4,NA,2,3,43,4,184,140,76.1,10,26.3,3,NA,139,NA,NA,3.66,NA,0.33,NA,2,"Middlesbrough 2002",NA,NA,"NA"
2002,49,26256,26,27,NA,4,5,47,1,190,134,70.5,8,21.1,5,NA,156,NA,NA,4.11,NA,0.25,NA,4,"Charlton Ath 2002",NA,NA,"NA"
2002,48,28831,33,27.9,NA,4,5,66,3,171,122,71.3,9,23.7,5,NA,141,NA,NA,3.71,NA,0.26,NA,4,"Birmingham City 2002",NA,NA,"NA"
2002,48,16707,27,27.3,NA,6,7,46,6,197,147,74.6,11,28.9,7,NA,182,NA,NA,4.79,NA,0.18,NA,6,"Fulham 2002",NA,NA,"NA"
2002,47,39120,28,25.8,NA,4,5,62,1,188,131,69.7,10,26.3,5,NA,176,NA,NA,4.63,NA,0.28,NA,4,"Leeds United 2002",NA,NA,"NA"
2002,45,34975,27,26.2,NA,3,4,58,4,176,129,73.3,9,23.7,4,NA,196,NA,NA,5.16,NA,0.2,NA,3,"Aston Villa 2002",NA,NA,"NA"
2002,44,25017,27,29.1,NA,1,2,54,3,189,138,73,10,26.3,2,NA,152,NA,NA,4,NA,0.24,NA,1,"Bolton 2002",NA,NA,"NA"
2002,42,34432,24,27.4,NA,4,5,49,4,198,139,70.2,9,23.7,5,NA,185,NA,NA,4.87,NA,0.2,NA,4,"West Ham 2002",NA,NA,"NA"
2002,26,26731,23,27.2,NA,1,1,45,4,208,143,68.8,6,15.8,1,NA,167,NA,NA,4.39,NA,0.17,NA,1,"West Brom 2002",NA,NA,"NA"
2002,19,39698,34,26,NA,1,3,47,0,210,145,69,6,15.8,3,NA,142,NA,NA,3.74,NA,0.14,NA,1,"Sunderland 2002",NA,NA,"NA"
2003,90,38079,22,27.3,NA,7,7,51,3,114,88,77.2,15,39.5,7,NA,235,NA,NA,6.18,NA,0.26,NA,7,"Arsenal 2003",NA,NA,"NA"
2003,79,41234,27,25.9,NA,4,4,44,3,125,95,76,21,55.3,4,NA,216,NA,NA,5.68,NA,0.29,NA,4,"Chelsea 2003",NA,NA,"NA"
2003,75,67641,22,25.8,NA,1,4,42,3,163,128,78.5,14,36.8,4,NA,182,NA,NA,4.79,NA,0.34,NA,1,"Manchester Utd 2003",NA,NA,"NA"
2003,60,42677,24,26,NA,8,10,46,1,139,104,74.8,15,39.5,10,NA,221,NA,NA,5.82,NA,0.2,NA,8,"Liverpool 2003",NA,NA,"NA"
2003,56,51440,23,25.7,NA,7,10,47,3,171,131,76.6,11,28.9,10,NA,178,NA,NA,4.68,NA,0.26,NA,7,"Newcastle Utd 2003",NA,NA,"NA"
2003,56,36622,23,25.7,NA,4,5,52,3,173,129,74.6,12,31.6,5,NA,182,NA,NA,4.79,NA,0.24,NA,4,"Aston Villa 2003",NA,NA,"NA"
2003,53,26293,24,28.2,NA,6,8,35,3,205,154,75.1,10,26.3,8,NA,154,NA,NA,4.05,NA,0.29,NA,6,"Charlton Ath 2003",NA,NA,"NA"
2003,53,26795,24,28.5,NA,1,1,63,0,182,126,69.2,10,26.3,1,NA,212,NA,NA,5.58,NA,0.22,NA,1,"Bolton 2003",NA,NA,"NA"
2003,52,16342,30,27.1,NA,2,3,59,3,207,161,77.8,15,39.5,3,NA,154,NA,NA,4.05,NA,0.32,NA,2,"Fulham 2003",NA,NA,"NA"
2003,50,29073,27,27.4,NA,4,5,45,5,183,135,73.8,15,39.5,5,NA,161,NA,NA,4.24,NA,0.24,NA,4,"Birmingham City 2003",NA,NA,"NA"
2003,48,30418,27,27.6,NA,3,5,52,1,182,130,71.4,14,36.8,5,NA,182,NA,NA,4.79,NA,0.21,NA,3,"Middlesbrough 2003",NA,NA,"NA"
2003,47,31699,27,27.9,NA,2,2,51,3,179,140,78.2,12,31.6,2,NA,175,NA,NA,4.61,NA,0.23,NA,2,"Southampton 2003",NA,NA,"NA"
2003,45,20108,32,28.5,NA,3,3,60,3,192,138,71.9,8,21.1,3,NA,167,NA,NA,4.39,NA,0.28,NA,3,"Portsmouth 2003",NA,NA,"NA"
2003,45,34876,27,26.3,NA,3,3,45,0,198,141,71.2,8,21.1,3,NA,186,NA,NA,4.89,NA,0.24,NA,3,"Tottenham 2003",NA,NA,"NA"
2003,44,24376,28,28.2,NA,0,0,58,3,201,142,70.6,8,21.1,0,NA,184,NA,NA,4.84,NA,0.28,NA,0,"Blackburn 2003",NA,NA,"NA"
2003,41,46834,24,27.9,NA,4,4,46,3,184,130,70.7,7,18.4,4,NA,198,NA,NA,5.21,NA,0.24,NA,4,"Manchester City 2003",NA,NA,"NA"
2003,39,38837,26,27.3,NA,1,1,53,3,190,133,70,10,26.3,1,NA,160,NA,NA,4.21,NA,0.26,NA,1,"Everton 2003",NA,NA,"NA"
2003,33,30893,28,29.4,NA,2,3,58,8,210,145,69,9,23.7,3,NA,168,NA,NA,4.42,NA,0.26,NA,2,"Leicester City 2003",NA,NA,"NA"
2003,33,36666,29,25.2,NA,4,4,70,5,215,136,63.3,3,7.9,4,NA,134,NA,NA,3.53,NA,0.27,NA,4,"Leeds United 2003",NA,NA,"NA"
2003,33,28874,27,29.8,NA,1,4,65,2,283,198,70,7,18.4,4,NA,177,NA,NA,4.66,NA,0.21,NA,1,"Wolves 2003",NA,NA,"NA"
2004,95,41870,30,25.2,NA,5,6,49,0,112,97,86.6,25,65.8,6,NA,310,NA,NA,8.16,NA,0.21,NA,5,"Chelsea 2004",NA,NA,"NA"
2004,83,37979,25,26.2,NA,3,4,46,1,146,110,75.3,16,42.1,4,NA,301,NA,NA,7.92,NA,0.28,NA,3,"Arsenal 2004",NA,NA,"NA"
2004,77,67871,24,26.1,NA,3,4,56,5,106,80,75.5,19,50,4,NA,337,NA,NA,8.87,NA,0.16,NA,3,"Manchester Utd 2004",NA,NA,"NA"
2004,61,36834,21,28.5,NA,2,3,56,4,194,148,76.3,13,34.2,3,NA,173,NA,NA,4.55,NA,0.25,NA,2,"Everton 2004",NA,NA,"NA"
2004,58,42587,28,26.2,NA,3,5,46,2,171,130,76,7,18.4,5,NA,245,NA,NA,6.45,NA,0.19,NA,3,"Liverpool 2004",NA,NA,"NA"
2004,58,26006,25,28.6,NA,5,6,58,2,179,135,75.4,8,21.1,6,NA,260,NA,NA,6.84,NA,0.17,NA,5,"Bolton 2004",NA,NA,"NA"
2004,55,32012,27,28.4,NA,1,1,54,2,213,167,78.4,11,28.9,1,NA,242,NA,NA,6.37,NA,0.2,NA,1,"Middlesbrough 2004",NA,NA,"NA"
2004,52,45192,25,27.3,NA,5,6,44,3,195,156,80,11,28.9,6,NA,213,NA,NA,5.61,NA,0.19,NA,5,"Manchester City 2004",NA,NA,"NA"
2004,52,35873,28,24.7,NA,1,1,55,1,217,176,81.1,13,34.2,1,NA,242,NA,NA,6.37,NA,0.19,NA,1,"Tottenham 2004",NA,NA,"NA"
2004,47,37354,22,25.7,NA,3,6,55,2,236,184,78,11,28.9,6,NA,213,NA,NA,5.61,NA,0.19,NA,3,"Aston Villa 2004",NA,NA,"NA"
2004,46,26401,21,28,NA,0,0,38,4,232,174,75,12,31.6,0,NA,171,NA,NA,4.5,NA,0.24,NA,0,"Charlton Ath 2004",NA,NA,"NA"
2004,45,28760,26,27.9,NA,2,2,62,3,212,166,78.3,9,23.7,2,NA,158,NA,NA,4.16,NA,0.22,NA,2,"Birmingham City 2004",NA,NA,"NA"
2004,44,19838,24,27.7,NA,2,4,56,7,258,198,76.7,8,21.1,4,NA,187,NA,NA,4.92,NA,0.27,NA,2,"Fulham 2004",NA,NA,"NA"
2004,44,51844,27,26,NA,3,3,63,5,236,179,75.8,6,15.8,3,NA,240,NA,NA,6.32,NA,0.17,NA,3,"Newcastle Utd 2004",NA,NA,"NA"
2004,42,22315,31,27.8,NA,2,3,73,5,227,184,81.1,15,39.5,3,NA,196,NA,NA,5.16,NA,0.15,NA,2,"Blackburn 2004",NA,NA,"NA"
2004,39,20072,26,27.6,NA,6,6,52,2,266,207,77.8,5,13.2,6,NA,173,NA,NA,4.55,NA,0.2,NA,6,"Portsmouth 2004",NA,NA,"NA"
2004,34,25987,27,27.2,NA,2,3,41,5,247,186,75.3,7,18.4,3,NA,191,NA,NA,5.03,NA,0.17,NA,2,"West Brom 2004",NA,NA,"NA"
2004,33,24108,27,25.7,NA,10,12,58,3,291,229,78.7,10,26.3,12,NA,191,NA,NA,5.03,NA,0.17,NA,10,"Crystal Palace 2004",NA,NA,"NA"
2004,33,24326,25,27.6,NA,3,4,36,2,291,214,73.5,6,15.8,4,NA,183,NA,NA,4.82,NA,0.21,NA,3,"Norwich City 2004",NA,NA,"NA"
2004,32,30610,35,28.4,NA,3,3,45,2,170,102,60,7,18.4,3,NA,173,NA,NA,4.55,NA,0.24,NA,3,"Southampton 2004",NA,NA,"NA"
2005,91,41902,25,25.9,NA,4,4,64,5,154,132,85.7,20,52.6,4,NA,279,NA,NA,7.34,NA,0.24,NA,4,"Chelsea 2005",NA,NA,"NA"
2005,83,68765,26,26.4,NA,2,3,61,2,187,153,81.8,18,47.4,3,NA,286,NA,NA,7.53,NA,0.23,NA,2,"Manchester Utd 2005",NA,NA,"NA"
2005,82,44236,22,26.3,NA,4,5,50,5,163,138,84.7,22,57.9,5,NA,283,NA,NA,7.45,NA,0.18,NA,4,"Liverpool 2005",NA,NA,"NA"
2005,67,38184,27,26.2,NA,4,7,55,2,169,138,81.7,16,42.1,7,NA,275,NA,NA,7.24,NA,0.23,NA,4,"Arsenal 2005",NA,NA,"NA"
2005,65,36074,25,24.9,NA,4,6,51,5,165,127,77,13,34.2,6,NA,231,NA,NA,6.08,NA,0.21,NA,4,"Tottenham 2005",NA,NA,"NA"
2005,63,21015,23,27.9,NA,4,4,78,6,185,143,77.3,16,42.1,4,NA,181,NA,NA,4.76,NA,0.25,NA,4,"Blackburn 2005",NA,NA,"NA"
2005,58,52032,25,26.8,NA,5,5,64,6,175,133,76,13,34.2,5,NA,209,NA,NA,5.5,NA,0.19,NA,5,"Newcastle Utd 2005",NA,NA,"NA"
2005,56,25455,24,28,NA,2,4,64,3,188,147,78.2,15,39.5,4,NA,204,NA,NA,5.37,NA,0.22,NA,2,"Bolton 2005",NA,NA,"NA"
2005,55,33743,28,26,NA,3,5,50,2,219,164,74.9,9,23.7,5,NA,164,NA,NA,4.32,NA,0.27,NA,3,"West Ham 2005",NA,NA,"NA"
2005,51,20610,25,28.3,NA,1,1,54,4,201,149,74.1,10,26.3,1,NA,211,NA,NA,5.55,NA,0.2,NA,1,"Wigan Athletic 2005",NA,NA,"NA"
2005,50,36860,27,28,NA,1,3,66,7,231,173,74.9,13,34.2,3,NA,206,NA,NA,5.42,NA,0.15,NA,1,"Everton 2005",NA,NA,"NA"
2005,48,20654,27,27.9,NA,4,4,65,2,226,168,74.3,10,26.3,4,NA,180,NA,NA,4.74,NA,0.24,NA,4,"Fulham 2005",NA,NA,"NA"
2005,47,26196,27,27.9,NA,4,4,44,2,211,164,77.7,13,34.2,4,NA,189,NA,NA,4.97,NA,0.2,NA,4,"Charlton Ath 2005",NA,NA,"NA"
2005,45,28463,37,26.5,NA,5,5,54,3,222,164,73.9,10,26.3,5,NA,211,NA,NA,5.55,NA,0.2,NA,5,"Middlesbrough 2005",NA,NA,"NA"
2005,43,42056,26,27.3,NA,1,2,70,4,206,158,76.7,6,15.8,2,NA,206,NA,NA,5.42,NA,0.2,NA,1,"Manchester City 2005",NA,NA,"NA"
2005,42,34112,26,25.2,NA,1,4,63,2,251,196,78.1,11,28.9,4,NA,189,NA,NA,4.97,NA,0.21,NA,1,"Aston Villa 2005",NA,NA,"NA"
2005,38,19840,33,26.7,NA,2,2,55,1,194,133,68.6,5,13.2,2,NA,227,NA,NA,5.97,NA,0.15,NA,2,"Portsmouth 2005",NA,NA,"NA"
2005,34,27392,30,28,NA,2,2,53,7,222,172,77.5,10,26.3,2,NA,171,NA,NA,4.5,NA,0.14,NA,2,"Birmingham City 2005",NA,NA,"NA"
2005,30,25404,29,26.4,NA,1,2,47,2,245,189,77.1,10,26.3,2,NA,155,NA,NA,4.08,NA,0.19,NA,1,"West Brom 2005",NA,NA,"NA"
2005,15,33904,27,24.8,NA,2,2,69,4,277,208,75.1,4,10.5,2,NA,180,NA,NA,4.74,NA,0.12,NA,2,"Sunderland 2005",NA,NA,"NA"
2006,89,75826,25,27.3,NA,5,6,58,1,176,149,84.7,16,42.1,6,NA,300,NA,NA,7.89,NA,0.25,NA,5,"Manchester Utd 2006",NA,NA,"NA"
2006,83,41542,26,26.7,NA,3,4,65,4,175,151,86.3,22,57.9,4,NA,235,NA,NA,6.18,NA,0.23,NA,3,"Chelsea 2006",NA,NA,"NA"
2006,68,43561,28,26.1,NA,6,7,43,0,173,146,84.4,20,52.6,7,NA,249,NA,NA,6.55,NA,0.2,NA,6,"Liverpool 2006",NA,NA,"NA"
2006,68,60140,24,25.1,NA,10,11,51,3,177,142,80.2,12,31.6,11,NA,249,NA,NA,6.55,NA,0.2,NA,10,"Arsenal 2006",NA,NA,"NA"
2006,60,35739,26,25.1,NA,5,5,51,4,196,142,72.4,6,15.8,5,NA,214,NA,NA,5.63,NA,0.24,NA,5,"Tottenham 2006",NA,NA,"NA"
2006,58,36739,24,26.9,NA,8,8,70,2,221,185,83.7,14,36.8,8,NA,200,NA,NA,5.26,NA,0.21,NA,8,"Everton 2006",NA,NA,"NA"
2006,56,23606,23,28.2,NA,6,7,84,4,216,164,75.9,12,31.6,7,NA,195,NA,NA,5.13,NA,0.2,NA,6,"Bolton 2006",NA,NA,"NA"
2006,55,23829,23,26.9,NA,3,3,41,3,223,176,78.9,13,34.2,3,NA,167,NA,NA,4.39,NA,0.27,NA,3,"Reading 2006",NA,NA,"NA"
2006,54,19862,22,28.4,NA,2,3,51,1,214,172,80.4,12,31.6,3,NA,195,NA,NA,5.13,NA,0.19,NA,2,"Portsmouth 2006",NA,NA,"NA"
2006,52,21271,28,28.2,NA,5,7,81,8,277,223,80.5,8,21.1,7,NA,211,NA,NA,5.55,NA,0.21,NA,5,"Blackburn 2006",NA,NA,"NA"
2006,50,36214,30,25.5,NA,6,8,47,1,207,166,80.2,13,34.2,8,NA,228,NA,NA,6,NA,0.17,NA,6,"Aston Villa 2006",NA,NA,"NA"
2006,46,27730,27,25.4,NA,4,5,65,2,234,185,79.1,9,23.7,5,NA,169,NA,NA,4.45,NA,0.23,NA,4,"Middlesbrough 2006",NA,NA,"NA"
2006,43,50686,29,26.1,NA,5,5,69,1,224,177,79,7,18.4,5,NA,182,NA,NA,4.79,NA,0.18,NA,5,"Newcastle Utd 2006",NA,NA,"NA"
2006,42,39997,28,26,NA,2,4,58,4,199,155,77.9,14,36.8,4,NA,179,NA,NA,4.71,NA,0.15,NA,2,"Manchester City 2006",NA,NA,"NA"
2006,41,34722,29,25.6,NA,1,3,86,2,239,180,75.3,9,23.7,3,NA,149,NA,NA,3.92,NA,0.23,NA,1,"West Ham 2006",NA,NA,"NA"
2006,39,22279,24,28.2,NA,3,3,60,3,237,177,74.7,7,18.4,3,NA,177,NA,NA,4.66,NA,0.19,NA,3,"Fulham 2006",NA,NA,"NA"
2006,38,18159,29,27.7,NA,3,6,81,3,236,176,74.6,10,26.3,6,NA,188,NA,NA,4.95,NA,0.18,NA,3,"Wigan Athletic 2006",NA,NA,"NA"
2006,38,30684,32,26,NA,2,4,71,2,236,181,76.7,9,23.7,4,NA,193,NA,NA,5.08,NA,0.15,NA,2,"Sheffield Utd 2006",NA,NA,"NA"
2006,34,26195,29,27.1,NA,4,4,60,4,247,187,75.7,11,28.9,4,NA,172,NA,NA,4.53,NA,0.16,NA,4,"Charlton Ath 2006",NA,NA,"NA"
2006,28,18750,32,25.2,NA,3,3,48,2,272,213,78.3,9,23.7,3,NA,144,NA,NA,3.79,NA,0.15,NA,3,"Watford 2006",NA,NA,"NA"
2007,87,75691,25,26.7,NA,6,8,51,2,150,128,85.3,21,55.3,NA,NA,301,NA,NA,7.92,NA,0.24,NA,6,"Manchester Utd 2007",NA,NA,"NA"
2007,85,41397,26,27.1,NA,7,7,65,5,142,116,81.7,21,55.3,NA,NA,207,NA,NA,5.45,NA,0.28,NA,7,"Chelsea 2007",NA,NA,"NA"
2007,83,60070,27,24.6,NA,5,6,57,3,155,124,80,15,39.5,NA,NA,250,NA,NA,6.58,NA,0.27,NA,5,"Arsenal 2007",NA,NA,"NA"
2007,76,43532,25,26.2,NA,5,5,46,1,138,110,79.7,18,47.4,NA,NA,266,NA,NA,7,NA,0.22,NA,5,"Liverpool 2007",NA,NA,"NA"
2007,65,36955,23,26.9,NA,1,1,40,3,176,143,81.3,14,36.8,NA,NA,190,NA,NA,5,NA,0.27,NA,1,"Everton 2007",NA,NA,"NA"
2007,60,40345,22,25.5,NA,6,7,56,4,170,119,70,9,23.7,NA,NA,200,NA,NA,5.26,NA,0.3,NA,6,"Aston Villa 2007",NA,NA,"NA"
2007,58,23944,22,28,NA,5,6,74,6,201,153,76.1,8,21.1,NA,NA,219,NA,NA,5.76,NA,0.21,NA,5,"Blackburn 2007",NA,NA,"NA"
2007,57,19914,28,28.2,NA,4,7,58,3,205,165,80.5,16,42.1,NA,NA,185,NA,NA,4.87,NA,0.23,NA,4,"Portsmouth 2007",NA,NA,"NA"
2007,55,42126,28,24.5,NA,2,2,51,4,221,168,76,11,28.9,NA,NA,169,NA,NA,4.45,NA,0.24,NA,2,"Manchester City 2007",NA,NA,"NA"
2007,49,34601,28,26.5,NA,2,2,66,2,189,139,73.5,8,21.1,NA,NA,179,NA,NA,4.71,NA,0.21,NA,2,"West Ham 2007",NA,NA,"NA"
2007,46,35967,30,25.5,NA,4,6,52,1,206,145,70.4,9,23.7,NA,NA,236,NA,NA,6.21,NA,0.26,NA,4,"Tottenham 2007",NA,NA,"NA"
2007,43,50488,26,27,NA,4,4,66,1,256,191,74.6,8,21.1,NA,NA,174,NA,NA,4.58,NA,0.22,NA,4,"Newcastle Utd 2007",NA,NA,"NA"
2007,42,26708,29,25.7,NA,2,2,86,2,184,131,71.2,8,21.1,NA,NA,181,NA,NA,4.76,NA,0.23,NA,2,"Middlesbrough 2007",NA,NA,"NA"
2007,40,19046,27,27.7,NA,4,5,60,4,197,146,74.1,12,31.6,NA,NA,184,NA,NA,4.84,NA,0.16,NA,4,"Wigan Athletic 2007",NA,NA,"NA"
2007,39,43344,31,24.9,NA,1,2,67,4,182,123,67.6,7,18.4,NA,NA,153,NA,NA,4.03,NA,0.23,NA,1,"Sunderland 2007",NA,NA,"NA"
2007,37,20746,31,27.5,NA,0,1,76,0,207,153,73.9,12,31.6,NA,NA,162,NA,NA,4.26,NA,0.21,NA,0,"Bolton 2007",NA,NA,"NA"
2007,36,23773,33,28,NA,2,3,60,6,230,170,73.9,7,18.4,NA,NA,174,NA,NA,4.58,NA,0.2,NA,2,"Fulham 2007",NA,NA,"NA"
2007,36,23585,26,27.6,NA,2,4,61,5,254,188,74,8,21.1,NA,NA,183,NA,NA,4.82,NA,0.21,NA,2,"Reading 2007",NA,NA,"NA"
2007,35,26181,28,25.3,NA,6,6,68,3,266,204,76.7,3,7.9,NA,NA,178,NA,NA,4.68,NA,0.21,NA,6,"Birmingham City 2007",NA,NA,"NA"
2007,11,32432,36,27.6,NA,0,0,63,1,263,174,66.2,3,7.9,NA,NA,141,NA,NA,3.71,NA,0.13,NA,0,"Derby County 2007",NA,NA,"NA"
2008,90,75304,33,27.1,NA,4,4,61,5,138,114,82.6,24,63.2,NA,NA,272,NA,NA,7.16,NA,0.24,NA,4,"Manchester Utd 2008",NA,NA,"NA"
2008,86,43611,23,26.5,NA,5,6,50,0,122,95,77.9,20,52.6,NA,NA,269,NA,NA,7.08,NA,0.25,NA,5,"Liverpool 2008",NA,NA,"NA"
2008,83,41588,29,27.5,NA,2,2,50,2,144,120,83.3,22,57.9,NA,NA,285,NA,NA,7.5,NA,0.22,NA,2,"Chelsea 2008",NA,NA,"NA"
2008,72,60040,28,24.1,NA,5,5,58,3,149,112,75.2,16,42.1,NA,NA,231,NA,NA,6.08,NA,0.26,NA,5,"Arsenal 2008",NA,NA,"NA"
2008,63,35667,25,26.4,NA,4,5,49,1,186,149,80.1,17,44.7,NA,NA,200,NA,NA,5.26,NA,0.25,NA,4,"Everton 2008",NA,NA,"NA"
2008,62,39812,21,27.1,NA,4,5,53,2,186,138,74.2,13,34.2,NA,NA,180,NA,NA,4.74,NA,0.24,NA,4,"Aston Villa 2008",NA,NA,"NA"
2008,53,24340,26,28.8,NA,5,5,40,1,195,161,82.6,15,39.5,NA,NA,173,NA,NA,4.55,NA,0.2,NA,5,"Fulham 2008",NA,NA,"NA"
2008,51,35929,29,24.9,NA,3,4,54,5,203,158,77.8,13,34.2,NA,NA,209,NA,NA,5.5,NA,0.19,NA,3,"Tottenham 2008",NA,NA,"NA"
2008,51,34227,30,26.6,NA,1,3,66,4,197,152,77.2,10,26.3,NA,NA,180,NA,NA,4.74,NA,0.22,NA,1,"West Ham 2008",NA,NA,"NA"
2008,50,43162,34,24.5,NA,6,7,49,4,192,142,74,10,26.3,NA,NA,213,NA,NA,5.61,NA,0.23,NA,6,"Manchester City 2008",NA,NA,"NA"
2008,45,18350,29,26.5,NA,5,5,59,4,134,89,66.4,13,34.2,NA,NA,183,NA,NA,4.82,NA,0.15,NA,5,"Wigan Athletic 2008",NA,NA,"NA"
2008,45,26960,29,28.5,NA,5,6,73,5,191,136,71.2,12,31.6,NA,NA,120,NA,NA,3.16,NA,0.26,NA,5,"Stoke City 2008",NA,NA,"NA"
2008,41,22486,24,27.3,NA,0,1,62,1,213,160,75.1,7,18.4,NA,NA,185,NA,NA,4.87,NA,0.22,NA,0,"Bolton 2008",NA,NA,"NA"
2008,41,19830,29,28.6,NA,2,3,57,5,212,155,73.1,8,21.1,NA,NA,163,NA,NA,4.29,NA,0.21,NA,2,"Portsmouth 2008",NA,NA,"NA"
2008,41,23481,28,28.3,NA,4,7,73,4,177,117,66.1,10,26.3,NA,NA,153,NA,NA,4.03,NA,0.24,NA,4,"Blackburn 2008",NA,NA,"NA"
2008,36,40163,30,26.1,NA,1,1,69,1,168,114,67.9,9,23.7,NA,NA,164,NA,NA,4.32,NA,0.19,NA,1,"Sunderland 2008",NA,NA,"NA"
2008,35,24816,29,27.7,NA,3,3,70,3,212,148,69.8,6,15.8,NA,NA,160,NA,NA,4.21,NA,0.2,NA,3,"Hull City 2008",NA,NA,"NA"
2008,34,48750,29,26.8,NA,4,5,57,8,210,151,71.9,7,18.4,NA,NA,149,NA,NA,3.92,NA,0.23,NA,4,"Newcastle Utd 2008",NA,NA,"NA"
2008,32,28429,28,24.5,NA,1,3,54,3,216,159,73.6,7,18.4,NA,NA,153,NA,NA,4.03,NA,0.16,NA,1,"Middlesbrough 2008",NA,NA,"NA"
2008,32,25828,30,25.2,NA,3,5,66,1,227,160,70.5,8,21.1,NA,NA,182,NA,NA,4.79,NA,0.17,NA,3,"West Brom 2008",NA,NA,"NA"
2009,90,75304,33,27.1,NA,4,4,61,5,138,114,82.6,24,63.2,NA,NA,272,NA,NA,7.16,NA,0.24,NA,4,"Manchester Utd 2009",NA,NA,"NA"
2009,86,43611,23,26.5,NA,5,6,50,0,122,95,77.9,20,52.6,NA,NA,269,NA,NA,7.08,NA,0.25,NA,5,"Liverpool 2009",NA,NA,"NA"
2009,83,41588,29,27.5,NA,2,2,50,2,144,120,83.3,22,57.9,NA,NA,285,NA,NA,7.5,NA,0.22,NA,2,"Chelsea 2009",NA,NA,"NA"
2009,72,60040,28,24.1,NA,5,5,58,3,149,112,75.2,16,42.1,NA,NA,231,NA,NA,6.08,NA,0.26,NA,5,"Arsenal 2009",NA,NA,"NA"
2009,63,35667,25,26.4,NA,4,5,49,1,186,149,80.1,17,44.7,NA,NA,200,NA,NA,5.26,NA,0.25,NA,4,"Everton 2009",NA,NA,"NA"
2009,62,39812,21,27.1,NA,4,5,53,2,186,138,74.2,13,34.2,NA,NA,180,NA,NA,4.74,NA,0.24,NA,4,"Aston Villa 2009",NA,NA,"NA"
2009,53,24340,26,28.8,NA,5,5,40,1,195,161,82.6,15,39.5,NA,NA,173,NA,NA,4.55,NA,0.2,NA,5,"Fulham 2009",NA,NA,"NA"
2009,51,35929,29,24.9,NA,3,4,54,5,203,158,77.8,13,34.2,NA,NA,209,NA,NA,5.5,NA,0.19,NA,3,"Tottenham 2009",NA,NA,"NA"
2009,51,34227,30,26.6,NA,1,3,66,4,197,152,77.2,10,26.3,NA,NA,180,NA,NA,4.74,NA,0.22,NA,1,"West Ham 2009",NA,NA,"NA"
2009,50,43162,34,24.5,NA,6,7,49,4,192,142,74,10,26.3,NA,NA,213,NA,NA,5.61,NA,0.23,NA,6,"Manchester City 2009",NA,NA,"NA"
2009,45,18350,29,26.5,NA,5,5,59,4,134,89,66.4,13,34.2,NA,NA,183,NA,NA,4.82,NA,0.15,NA,5,"Wigan Athletic 2009",NA,NA,"NA"
2009,45,26960,29,28.5,NA,5,6,73,5,191,136,71.2,12,31.6,NA,NA,120,NA,NA,3.16,NA,0.26,NA,5,"Stoke City 2009",NA,NA,"NA"
2009,41,22486,24,27.3,NA,0,1,62,1,213,160,75.1,7,18.4,NA,NA,185,NA,NA,4.87,NA,0.22,NA,0,"Bolton 2009",NA,NA,"NA"
2009,41,19830,29,28.6,NA,2,3,57,5,212,155,73.1,8,21.1,NA,NA,163,NA,NA,4.29,NA,0.21,NA,2,"Portsmouth 2009",NA,NA,"NA"
2009,41,23481,28,28.3,NA,4,7,73,4,177,117,66.1,10,26.3,NA,NA,153,NA,NA,4.03,NA,0.24,NA,4,"Blackburn 2009",NA,NA,"NA"
2009,36,40163,30,26.1,NA,1,1,69,1,168,114,67.9,9,23.7,NA,NA,164,NA,NA,4.32,NA,0.19,NA,1,"Sunderland 2009",NA,NA,"NA"
2009,35,24816,29,27.7,NA,3,3,70,3,212,148,69.8,6,15.8,NA,NA,160,NA,NA,4.21,NA,0.2,NA,3,"Hull City 2009",NA,NA,"NA"
2009,34,48750,29,26.8,NA,4,5,57,8,210,151,71.9,7,18.4,NA,NA,149,NA,NA,3.92,NA,0.23,NA,4,"Newcastle Utd 2009",NA,NA,"NA"
2009,32,28429,28,24.5,NA,1,3,54,3,216,159,73.6,7,18.4,NA,NA,153,NA,NA,4.03,NA,0.16,NA,1,"Middlesbrough 2009",NA,NA,"NA"
2009,32,25828,30,25.2,NA,3,5,66,1,227,160,70.5,8,21.1,NA,NA,182,NA,NA,4.79,NA,0.17,NA,3,"West Brom 2009",NA,NA,"NA"
2010,90,75304,33,27.1,NA,4,4,61,5,138,114,82.6,24,63.2,NA,NA,272,NA,NA,7.16,NA,0.24,NA,4,"Manchester Utd 2010",NA,NA,"NA"
2010,86,43611,23,26.5,NA,5,6,50,0,122,95,77.9,20,52.6,NA,NA,269,NA,NA,7.08,NA,0.25,NA,5,"Liverpool 2010",NA,NA,"NA"
2010,83,41588,29,27.5,NA,2,2,50,2,144,120,83.3,22,57.9,NA,NA,285,NA,NA,7.5,NA,0.22,NA,2,"Chelsea 2010",NA,NA,"NA"
2010,72,60040,28,24.1,NA,5,5,58,3,149,112,75.2,16,42.1,NA,NA,231,NA,NA,6.08,NA,0.26,NA,5,"Arsenal 2010",NA,NA,"NA"
2010,63,35667,25,26.4,NA,4,5,49,1,186,149,80.1,17,44.7,NA,NA,200,NA,NA,5.26,NA,0.25,NA,4,"Everton 2010",NA,NA,"NA"
2010,62,39812,21,27.1,NA,4,5,53,2,186,138,74.2,13,34.2,NA,NA,180,NA,NA,4.74,NA,0.24,NA,4,"Aston Villa 2010",NA,NA,"NA"
2010,53,24340,26,28.8,NA,5,5,40,1,195,161,82.6,15,39.5,NA,NA,173,NA,NA,4.55,NA,0.2,NA,5,"Fulham 2010",NA,NA,"NA"
2010,51,35929,29,24.9,NA,3,4,54,5,203,158,77.8,13,34.2,NA,NA,209,NA,NA,5.5,NA,0.19,NA,3,"Tottenham 2010",NA,NA,"NA"
2010,51,34227,30,26.6,NA,1,3,66,4,197,152,77.2,10,26.3,NA,NA,180,NA,NA,4.74,NA,0.22,NA,1,"West Ham 2010",NA,NA,"NA"
2010,50,43162,34,24.5,NA,6,7,49,4,192,142,74,10,26.3,NA,NA,213,NA,NA,5.61,NA,0.23,NA,6,"Manchester City 2010",NA,NA,"NA"
2010,45,18350,29,26.5,NA,5,5,59,4,134,89,66.4,13,34.2,NA,NA,183,NA,NA,4.82,NA,0.15,NA,5,"Wigan Athletic 2010",NA,NA,"NA"
2010,45,26960,29,28.5,NA,5,6,73,5,191,136,71.2,12,31.6,NA,NA,120,NA,NA,3.16,NA,0.26,NA,5,"Stoke City 2010",NA,NA,"NA"
2010,41,22486,24,27.3,NA,0,1,62,1,213,160,75.1,7,18.4,NA,NA,185,NA,NA,4.87,NA,0.22,NA,0,"Bolton 2010",NA,NA,"NA"
2010,41,19830,29,28.6,NA,2,3,57,5,212,155,73.1,8,21.1,NA,NA,163,NA,NA,4.29,NA,0.21,NA,2,"Portsmouth 2010",NA,NA,"NA"
2010,41,23481,28,28.3,NA,4,7,73,4,177,117,66.1,10,26.3,NA,NA,153,NA,NA,4.03,NA,0.24,NA,4,"Blackburn 2010",NA,NA,"NA"
2010,36,40163,30,26.1,NA,1,1,69,1,168,114,67.9,9,23.7,NA,NA,164,NA,NA,4.32,NA,0.19,NA,1,"Sunderland 2010",NA,NA,"NA"
2010,35,24816,29,27.7,NA,3,3,70,3,212,148,69.8,6,15.8,NA,NA,160,NA,NA,4.21,NA,0.2,NA,3,"Hull City 2010",NA,NA,"NA"
2010,34,48750,29,26.8,NA,4,5,57,8,210,151,71.9,7,18.4,NA,NA,149,NA,NA,3.92,NA,0.23,NA,4,"Newcastle Utd 2010",NA,NA,"NA"
2010,32,28429,28,24.5,NA,1,3,54,3,216,159,73.6,7,18.4,NA,NA,153,NA,NA,4.03,NA,0.16,NA,1,"Middlesbrough 2010",NA,NA,"NA"
2010,32,25828,30,25.2,NA,3,5,66,1,227,160,70.5,8,21.1,NA,NA,182,NA,NA,4.79,NA,0.17,NA,3,"West Brom 2010",NA,NA,"NA"
2011,90,75304,33,27.1,NA,4,4,61,5,138,114,82.6,24,63.2,NA,NA,272,NA,NA,7.16,NA,0.24,NA,4,"Manchester Utd 2011",NA,NA,"NA"
2011,86,43611,23,26.5,NA,5,6,50,0,122,95,77.9,20,52.6,NA,NA,269,NA,NA,7.08,NA,0.25,NA,5,"Liverpool 2011",NA,NA,"NA"
2011,83,41588,29,27.5,NA,2,2,50,2,144,120,83.3,22,57.9,NA,NA,285,NA,NA,7.5,NA,0.22,NA,2,"Chelsea 2011",NA,NA,"NA"
2011,72,60040,28,24.1,NA,5,5,58,3,149,112,75.2,16,42.1,NA,NA,231,NA,NA,6.08,NA,0.26,NA,5,"Arsenal 2011",NA,NA,"NA"
2011,63,35667,25,26.4,NA,4,5,49,1,186,149,80.1,17,44.7,NA,NA,200,NA,NA,5.26,NA,0.25,NA,4,"Everton 2011",NA,NA,"NA"
2011,62,39812,21,27.1,NA,4,5,53,2,186,138,74.2,13,34.2,NA,NA,180,NA,NA,4.74,NA,0.24,NA,4,"Aston Villa 2011",NA,NA,"NA"
2011,53,24340,26,28.8,NA,5,5,40,1,195,161,82.6,15,39.5,NA,NA,173,NA,NA,4.55,NA,0.2,NA,5,"Fulham 2011",NA,NA,"NA"
2011,51,35929,29,24.9,NA,3,4,54,5,203,158,77.8,13,34.2,NA,NA,209,NA,NA,5.5,NA,0.19,NA,3,"Tottenham 2011",NA,NA,"NA"
2011,51,34227,30,26.6,NA,1,3,66,4,197,152,77.2,10,26.3,NA,NA,180,NA,NA,4.74,NA,0.22,NA,1,"West Ham 2011",NA,NA,"NA"
2011,50,43162,34,24.5,NA,6,7,49,4,192,142,74,10,26.3,NA,NA,213,NA,NA,5.61,NA,0.23,NA,6,"Manchester City 2011",NA,NA,"NA"
2011,45,18350,29,26.5,NA,5,5,59,4,134,89,66.4,13,34.2,NA,NA,183,NA,NA,4.82,NA,0.15,NA,5,"Wigan Athletic 2011",NA,NA,"NA"
2011,45,26960,29,28.5,NA,5,6,73,5,191,136,71.2,12,31.6,NA,NA,120,NA,NA,3.16,NA,0.26,NA,5,"Stoke City 2011",NA,NA,"NA"
2011,41,22486,24,27.3,NA,0,1,62,1,213,160,75.1,7,18.4,NA,NA,185,NA,NA,4.87,NA,0.22,NA,0,"Bolton 2011",NA,NA,"NA"
2011,41,19830,29,28.6,NA,2,3,57,5,212,155,73.1,8,21.1,NA,NA,163,NA,NA,4.29,NA,0.21,NA,2,"Portsmouth 2011",NA,NA,"NA"
2011,41,23481,28,28.3,NA,4,7,73,4,177,117,66.1,10,26.3,NA,NA,153,NA,NA,4.03,NA,0.24,NA,4,"Blackburn 2011",NA,NA,"NA"
2011,36,40163,30,26.1,NA,1,1,69,1,168,114,67.9,9,23.7,NA,NA,164,NA,NA,4.32,NA,0.19,NA,1,"Sunderland 2011",NA,NA,"NA"
2011,35,24816,29,27.7,NA,3,3,70,3,212,148,69.8,6,15.8,NA,NA,160,NA,NA,4.21,NA,0.2,NA,3,"Hull City 2011",NA,NA,"NA"
2011,34,48750,29,26.8,NA,4,5,57,8,210,151,71.9,7,18.4,NA,NA,149,NA,NA,3.92,NA,0.23,NA,4,"Newcastle Utd 2011",NA,NA,"NA"
2011,32,28429,28,24.5,NA,1,3,54,3,216,159,73.6,7,18.4,NA,NA,153,NA,NA,4.03,NA,0.16,NA,1,"Middlesbrough 2011",NA,NA,"NA"
2011,32,25828,30,25.2,NA,3,5,66,1,227,160,70.5,8,21.1,NA,NA,182,NA,NA,4.79,NA,0.17,NA,3,"West Brom 2011",NA,NA,"NA"
2012,89,75530,25,27.3,NA,4,7,57,1,152,109,71.7,13,34.2,7,NA,243,NA,NA,6.39,NA,0.31,NA,4,"Manchester Utd 2012",NA,NA,"NA"
2012,78,46974,25,26.7,NA,4,6,63,3,112,78,69.6,18,47.4,6,NA,285,NA,NA,7.5,NA,0.21,NA,4,"Manchester City 2012",NA,NA,"NA"
2012,75,41462,26,26.4,NA,9,11,51,3,162,123,75.9,14,36.8,11,NA,257,NA,NA,6.76,NA,0.24,NA,9,"Chelsea 2012",NA,NA,"NA"
2012,73,60079,26,25.6,NA,5,6,37,4,142,105,73.9,14,36.8,6,NA,272,NA,NA,7.16,NA,0.24,NA,5,"Arsenal 2012",NA,NA,"NA"
2012,72,36066,28,26.3,NA,0,0,54,2,127,81,63.8,9,23.7,0,NA,284,NA,NA,7.47,NA,0.22,NA,0,"Tottenham 2012",NA,NA,"NA"
2012,63,36356,23,28.8,NA,2,2,59,3,143,103,72,11,28.9,2,NA,266,NA,NA,7,NA,0.19,NA,2,"Everton 2012",NA,NA,"NA"
2012,61,44749,28,26.2,NA,5,6,54,2,135,92,68.1,16,42.1,6,NA,297,NA,NA,7.82,NA,0.21,NA,5,"Liverpool 2012",NA,NA,"NA"
2012,49,25202,25,27.6,NA,5,7,62,4,177,120,67.8,8,21.1,7,NA,200,NA,NA,5.26,NA,0.23,NA,5,"West Brom 2012",NA,NA,"NA"
2012,46,20476,25,26.6,NA,0,0,57,2,201,150,74.6,10,26.3,0,NA,209,NA,NA,5.5,NA,0.22,NA,0,"Swansea City 2012",NA,NA,"NA"
2012,46,34717,26,28,NA,4,4,74,1,215,162,75.3,11,28.9,4,NA,206,NA,NA,5.42,NA,0.19,NA,4,"West Ham 2012",NA,NA,"NA"
2012,44,26672,27,26.7,NA,1,2,60,1,176,118,67,10,26.3,2,NA,177,NA,NA,4.66,NA,0.22,NA,1,"Norwich City 2012",NA,NA,"NA"
2012,43,25423,29,30.4,NA,6,6,48,3,198,138,69.7,8,21.1,6,NA,205,NA,NA,5.39,NA,0.19,NA,6,"Fulham 2012",NA,NA,"NA"
2012,42,26722,24,27.1,NA,3,5,76,4,154,109,70.8,12,31.6,5,NA,144,NA,NA,3.79,NA,0.21,NA,3,"Stoke City 2012",NA,NA,"NA"
2012,41,30855,25,25.3,NA,3,3,43,2,162,102,63,7,18.4,3,NA,207,NA,NA,5.45,NA,0.21,NA,3,"Southampton 2012",NA,NA,"NA"
2012,41,35060,28,24.1,NA,3,3,72,3,193,124,64.2,5,13.2,3,NA,176,NA,NA,4.63,NA,0.25,NA,3,"Aston Villa 2012",NA,NA,"NA"
2012,41,50517,32,26.2,NA,4,5,71,4,189,121,64,6,15.8,5,NA,208,NA,NA,5.47,NA,0.19,NA,4,"Newcastle Utd 2012",NA,NA,"NA"
2012,39,40563,29,26.2,NA,4,4,61,3,200,146,73,11,28.9,4,NA,164,NA,NA,4.32,NA,0.21,NA,4,"Sunderland 2012",NA,NA,"NA"
2012,36,19359,28,27.7,NA,1,1,66,2,188,115,61.2,5,13.2,1,NA,209,NA,NA,5.5,NA,0.21,NA,1,"Wigan Athletic 2012",NA,NA,"NA"
2012,28,23862,28,27.2,NA,4,4,45,1,236,163,69.1,5,13.2,4,NA,146,NA,NA,3.84,NA,0.25,NA,4,"Reading 2012",NA,NA,"NA"
2012,25,17779,30,28.2,NA,1,4,59,3,192,132,68.8,7,18.4,4,NA,183,NA,NA,4.82,NA,0.15,NA,1,"QPR 2012",NA,NA,"NA"
2014,87,41546,25,27,55.9,4,5,0,0,121,89,73.6,17,44.7,5,NA,209,NA,NA,5.5,NA,0.33,NA,4,"Chelsea 2014",NA,NA,"NA"
2014,79,45365,24,28.6,59.8,7,8,0,0,128,90,70.3,14,36.8,8,NA,228,NA,NA,6,NA,0.33,NA,7,"Manchester City 2014",NA,NA,"NA"
2014,75,59992,29,26.1,56.6,6,7,0,0,128,92,71.9,13,34.2,7,NA,226,NA,NA,5.95,NA,0.28,NA,6,"Arsenal 2014",NA,NA,"NA"
2014,70,75335,33,26,61.2,3,5,0,0,134,97,72.4,11,28.9,5,NA,177,NA,NA,4.66,NA,0.32,NA,3,"Manchester Utd 2014",NA,NA,"NA"
2014,64,35728,27,24.4,57,3,5,0,0,170,117,68.8,9,23.7,5,NA,171,NA,NA,4.5,NA,0.31,NA,3,"Tottenham 2014",NA,NA,"NA"
2014,62,44659,25,25.2,55.8,5,6,0,0,139,91,65.5,14,36.8,6,NA,193,NA,NA,5.08,NA,0.22,NA,5,"Liverpool 2014",NA,NA,"NA"
2014,60,30741,29,26,53.1,2,3,0,0,109,76,69.7,15,39.5,3,NA,167,NA,NA,4.39,NA,0.28,NA,2,"Southampton 2014",NA,NA,"NA"
2014,56,20555,27,26.6,50.1,2,2,0,0,188,139,73.9,13,34.2,2,NA,146,NA,NA,3.84,NA,0.28,NA,2,"Swansea City 2014",NA,NA,"NA"
2014,54,27081,25,27.4,50.4,3,3,0,0,139,94,67.6,9,23.7,3,NA,136,NA,NA,3.58,NA,0.32,NA,3,"Stoke City 2014",NA,NA,"NA"
2014,48,24421,30,27.8,40.4,5,7,0,0,144,93,64.6,7,18.4,7,NA,139,NA,NA,3.66,NA,0.29,NA,5,"Crystal Palace 2014",NA,NA,"NA"
2014,47,37406,28,27.9,54.7,4,7,0,0,128,78,60.9,10,26.3,7,NA,167,NA,NA,4.39,NA,0.26,NA,4,"Everton 2014",NA,NA,"NA"
2014,47,34846,28,26.8,45.6,1,2,0,0,174,127,73,9,23.7,2,NA,153,NA,NA,4.03,NA,0.27,NA,1,"West Ham 2014",NA,NA,"NA"
2014,44,25064,26,28,43.7,4,5,0,0,182,131,72,16,42.1,5,NA,132,NA,NA,3.47,NA,0.25,NA,4,"West Brom 2014",NA,NA,"NA"
2014,41,31693,28,27.9,43.5,3,3,0,0,172,117,68,10,26.3,3,NA,137,NA,NA,3.61,NA,0.31,NA,3,"Leicester City 2014",NA,NA,"NA"
2014,39,50359,27,25.9,47.7,1,1,0,0,161,98,60.9,8,21.1,1,NA,140,NA,NA,3.68,NA,0.28,NA,1,"Newcastle Utd 2014",NA,NA,"NA"
2014,38,43157,25,27.8,45.2,4,4,0,0,191,138,72.3,13,34.2,4,NA,129,NA,NA,3.39,NA,0.2,NA,4,"Sunderland 2014",NA,NA,"NA"
2014,38,34133,27,26.3,49,1,1,0,0,168,111,66.1,10,26.3,1,NA,127,NA,NA,3.34,NA,0.24,NA,1,"Aston Villa 2014",NA,NA,"NA"
2014,35,23557,29,27.4,44.2,1,1,0,0,153,102,66.7,10,26.3,1,NA,131,NA,NA,3.45,NA,0.24,NA,1,"Hull City 2014",NA,NA,"NA"
2014,33,19131,24,27.2,42.5,1,2,0,0,178,125,70.2,10,26.3,2,NA,124,NA,NA,3.26,NA,0.21,NA,1,"Burnley 2014",NA,NA,"NA"
2014,30,17809,32,28.2,45.2,3,5,0,0,209,136,65.1,6,15.8,5,NA,149,NA,NA,3.92,NA,0.24,NA,3,"QPR 2014",NA,NA,"NA"
2015,81,31998,23,27.7,42.6,10,13,0,0,136,100,73.5,15,39.5,13,NA,179,NA,NA,4.71,NA,0.32,NA,10,"Leicester City 2015",NA,NA,"NA"
2015,71,59944,25,27,58.3,1,2,0,0,148,112,75.7,18,47.4,2,NA,210,NA,NA,5.53,NA,0.29,NA,1,"Arsenal 2015",NA,NA,"NA"
2015,70,35776,24,24.5,57.4,5,5,0,0,121,86,71.1,13,34.2,5,NA,250,NA,NA,6.58,NA,0.25,NA,5,"Tottenham 2015",NA,NA,"NA"
2015,66,54041,25,28.3,56.9,5,8,0,0,125,84,67.2,16,42.1,8,NA,210,NA,NA,5.53,NA,0.31,NA,5,"Manchester City 2015",NA,NA,"NA"
2015,66,75286,33,25.6,58.5,3,3,0,0,120,85,70.8,18,47.4,3,NA,144,NA,NA,3.79,NA,0.3,NA,3,"Manchester Utd 2015",NA,NA,"NA"
2015,63,30751,26,26.4,49.2,3,4,0,0,133,92,69.2,12,31.6,4,NA,165,NA,NA,4.34,NA,0.33,NA,3,"Southampton 2015",NA,NA,"NA"
2015,62,34910,28,26.6,48.4,4,4,0,0,162,111,68.5,11,28.9,4,NA,186,NA,NA,4.89,NA,0.32,NA,4,"West Ham 2015",NA,NA,"NA"
2015,60,43910,34,25.2,57.2,2,2,0,0,130,80,61.5,11,28.9,2,NA,199,NA,NA,5.24,NA,0.3,NA,2,"Liverpool 2015",NA,NA,"NA"
2015,51,27534,27,27.4,49.7,5,5,0,0,175,120,68.6,10,26.3,5,NA,127,NA,NA,3.34,NA,0.28,NA,5,"Stoke City 2015",NA,NA,"NA"
2015,50,41500,28,26.8,56.2,4,5,0,0,172,119,69.2,9,23.7,5,NA,172,NA,NA,4.53,NA,0.3,NA,4,"Chelsea 2015",NA,NA,"NA"
2015,47,38124,31,26.5,51.9,4,5,0,0,179,124,69.3,10,26.3,5,NA,174,NA,NA,4.58,NA,0.3,NA,4,"Everton 2015",NA,NA,"NA"
2015,47,20711,27,27.6,52.5,5,5,0,0,165,113,68.5,9,23.7,5,NA,135,NA,NA,3.55,NA,0.27,NA,5,"Swansea City 2015",NA,NA,"NA"
2015,45,20594,25,28.2,45.1,6,7,0,0,123,73,59.3,11,28.9,7,NA,139,NA,NA,3.66,NA,0.23,NA,6,"Watford 2015",NA,NA,"NA"
2015,43,24631,28,29.1,39.8,1,5,0,0,155,107,69,11,28.9,5,NA,108,NA,NA,2.84,NA,0.29,NA,1,"West Brom 2015",NA,NA,"NA"
2015,42,24825,30,27.7,45.8,4,5,0,0,168,117,69.6,8,21.1,5,NA,153,NA,NA,4.03,NA,0.22,NA,4,"Crystal Palace 2015",NA,NA,"NA"
2015,42,11189,28,27.7,51.2,3,4,0,0,152,85,55.9,7,18.4,4,NA,143,NA,NA,3.76,NA,0.28,NA,3,"Bournemouth 2015",NA,NA,"NA"
2015,39,43071,31,27.3,41,3,3,0,0,213,151,70.9,7,18.4,3,NA,173,NA,NA,4.55,NA,0.24,NA,3,"Sunderland 2015",NA,NA,"NA"
2015,37,49754,31,25.4,46.6,3,3,0,0,178,113,63.5,8,21.1,3,NA,150,NA,NA,3.95,NA,0.27,NA,3,"Newcastle Utd 2015",NA,NA,"NA"
2015,34,26972,28,27.7,46,1,1,0,0,165,98,59.4,5,13.2,1,NA,130,NA,NA,3.42,NA,0.28,NA,1,"Norwich City 2015",NA,NA,"NA"
2015,17,33690,29,26.6,46.4,2,2,0,0,186,110,59.1,6,15.8,2,NA,110,NA,NA,2.89,NA,0.2,NA,2,"Aston Villa 2015",NA,NA,"NA"
2016,93,41508,24,27.2,55.1,2,4,0,0,105,72,70.5,16,42.1,2,582,205,35.2,15.32,5.39,0.14,0.4,NA,2,"Chelsea 2016",0,0,"NA"
2016,86,31639,24,25.3,60.5,7,9,0,0,110,84,78.2,17,44.7,2,670,257,38.4,17.63,6.76,0.11,0.3,NA,7,"Tottenham 2016",0,0,"NA"
2016,78,54019,25,28.5,65,7,9,0,0,105,66,64.8,12,31.6,5,633,215,34,16.66,5.66,0.11,0.32,NA,7,"Manchester City 2016",1,2,"NA"
2016,76,53016,23,26.1,62,7,8,0,0,114,72,65.8,12,31.6,5,639,236,36.9,16.82,6.21,0.11,0.3,NA,7,"Liverpool 2016",2,0,"NA"
2016,75,59957,29,26.9,58.9,4,6,0,0,167,123,79.6,13,34.2,10,568,201,35.4,14.95,5.29,0.12,0.34,NA,4,"Arsenal 2016",0,0,"NA"
2016,69,75290,31,26.7,56.5,3,4,0,1,116,87,78.4,17,44.7,5,589,207,35.1,15.5,5.45,0.09,0.25,NA,3,"Manchester Utd 2016",1,0,"NA"
2016,61,39047,27,27.5,52.1,3,4,0,1,148,104,72.3,13,34.2,5,500,192,38.4,13.16,5.05,0.11,0.29,NA,3,"Everton 2016",1,1,"NA"
2016,46,30936,26,26,54.4,3,6,0,1,130,82,67.7,14,36.8,9,549,179,32.6,14.45,4.71,0.07,0.2,NA,3,"Southampton 2016",1,2,"NA"
2016,46,11182,27,27,51.5,7,10,0,2,189,122,65.6,10,26.3,5,452,160,35.4,11.89,4.21,0.1,0.29,NA,7,"Bournemouth 2016",2,1,"NA"
2016,45,23876,23,29.4,37.3,1,1,0,0,160,109,70,6,15.8,3,399,124,31.1,10.5,3.26,0.11,0.34,NA,1,"West Brom 2016",0,0,"NA"
2016,45,56972,29,27.1,47.1,3,4,0,4,182,118,67.6,10,26.3,8,498,136,27.3,13.11,3.58,0.09,0.32,NA,3,"West Ham 2016",1,2,"NA"
2016,44,31893,25,27.8,41.9,4,6,0,0,190,127,68.4,9,23.7,3,435,145,33.3,11.45,3.82,0.1,0.29,NA,4,"Leicester City 2016",0,0,"NA"
2016,44,27433,26,28.7,46.3,4,6,0,1,180,124,69.4,11,28.9,2,426,135,31.7,11.21,3.55,0.08,0.24,NA,4,"Stoke City 2016",1,0,"NA"
2016,41,25161,31,27.7,45.4,4,7,0,0,176,113,65.3,7,18.4,2,441,137,31.1,11.61,3.61,0.1,0.32,NA,4,"Crystal Palace 2016",0,0,"NA"
2016,41,20619,27,27.4,47.9,3,3,0,0,179,109,64.2,8,21.1,8,403,145,36,10.61,3.82,0.1,0.29,NA,3,"Swansea City 2016",1,1,"NA"
2016,40,20558,27,27.7,40.3,6,6,0,1,208,153,75.5,10,26.3,5,388,121,31.2,10.21,3.18,0.09,0.27,NA,6,"Burnley 2016",1,0,"NA"
2016,40,20571,33,29,46.1,3,3,0,3,187,119,65.2,7,18.4,4,424,143,33.7,11.16,3.76,0.08,0.25,NA,3,"Watford 2016",1,0,"NA"
2016,34,20761,28,27.4,45.9,3,3,0,0,214,134,67.8,5,13.2,14,396,126,31.8,10.42,3.32,0.08,0.26,NA,3,"Hull City 2016",2,1,"NA"
2016,28,30449,27,27.3,47.3,2,2,0,1,171,118,71.3,11,28.9,5,349,98,28.1,9.18,2.58,0.07,0.24,NA,2,"Middlesbrough 2016",0,1,"NA"
2016,24,41287,31,26.8,39.7,5,5,0,3,248,179,73.8,6,15.8,4,388,122,31.4,10.21,3.21,0.06,0.19,NA,5,"Sunderland 2016",0,0,"NA"
